id,name
1,contentDingo7
2,truthfulApples7
3,adoringLlama6
4,obsessedChough1
5,lyingGranola7
6,mildBass8
7,hushedCockatoo2
8,sugaryAntelope6
9,murkyWhiting2
10,enviousVenison4
11,wearyTortoise4
12,aboardZebra4
13,lazyOryx2
14,excludedUnicorn0
15,pitifulGatorade9
16,affectedOryx8
17,affectedPonie1
18,needfulGnu9
19,debonairCockatoo6
20,emptyFerret7
21,cruelWhiting0
22,pitifulSyrup3
23,superiorBustard2
24,anxiousLapwing3
25,lyingBustard0
26,cruelCordial9
27,dreadfulCoconut6
28,ferventPorpoise7
29,enragedTruffle6
30,sheepishChile2
31,excludedCod5
32,resolvedCheetah0
33,gutturalSyrup6
34,aloofLemur5
35,importedWigeon3
36,cautiousSeagull7
37,excludedTuna4
38,morbidDove7
39,grudgingSausage7
40,gleefulCow3
41,grudgingThrush8
42,alertEland4
43,pitifulSyrup0
44,pluckyTermite3
45,shyDingo2
46,wakefulPepper2
47,selfishJerky2
48,betrayedVenison0
49,chicLollies9
50,mereOryx7
51,puzzledSnipe6
52,mercifulMussel0
53,enragedZebra4
54,puzzledHeron3
55,excitedCake9
56,grizzledThrushe2
57,amazedRat4
58,cautiousCamel4
59,giddyApricots2
60,enviousDove8
61,pluckyCordial9
62,lovesickViper0
63,hushedJaguar6
64,forsakenGatorade8
65,hushedGnu6
66,brainyRice3
67,vengefulSheep8
68,excludedMoth1
69,amazedCurlew1
70,pridefulBobolink4
71,needfulPolenta4
72,anxiousJerky7
73,dreadfulVenison5
74,amazedWasp4
75,trustingBass0
76,sadRuffs6
77,brainyTuna4
78,forsakenWidgeon2
79,selfishAntelope0
80,somberRuffs0
81,empathicRaisins8
82,cruelCordial5
83,bubblyBagels9
84,alertWigeon4
85,alertBustard1
86,morbidBoa4
87,jumpyWhiting4
88,insecureKitten3
89,pleasedFlamingo5
90,mercifulPonie3
91,lyingEagle9
92,sincerePup1
93,outlyingPudding5
94,brainyHeron6
95,jumpyRaisins2
96,amusedViper6
97,fondPiglet0
98,ashamedWigeon7
99,wornoutCurlew4
100,scornfulDingo7
101,puzzledCardinal2
102,ecstaticApples5
103,peacefulPoultry5
104,abjectAntelope1
105,spiritedLocust1
106,contentGnu0
107,brainyFlamingo6
108,importedWidgeon5
109,wornoutGranola7
110,crummyJerky5
111,sheepishLollies8
112,gloomyWildfowl9
113,relievedFish5
114,cynicalMacaw2
115,shyEagle9
116,jubilantChowder5
117,brainyBurritos7
118,relievedEland7
119,lazyHeron4
120,madStork6
121,resolvedLocust6
122,bubblyChile4
123,awedApricots6
124,shamefulToucan1
125,blissfulLizard8
126,wingedChough7
127,grizzledGarlic3
128,jumpyThrush5
129,spiritedZebra0
130,exactingSmelt4
131,scornfulPolenta3
132,holisticSardines7
133,wearyEland0
134,pacifiedSheep0
135,mildRelish2
136,truthfulRuffs6
137,affectedOil7
138,awedPaella4
139,unhappyFalcon8
140,chicDoves7
141,grizzledBobolink0
142,ardentCoconut9
143,shyMare7
144,trustingBobolink0
145,obsessedCheetah2
146,thrilledHoopoe0
147,pleasedWeaver2
148,resolvedLizard4
149,peacefulMeerkat8
150,worriedBobolink1
151,abjectGarlic7
152,mercifulSnail5
153,cockyZebra8
154,annoyedCockatoo1
155,shamefulSnipe3
156,ecstaticCockatoo4
157,dopeyQuiche0
158,trustingQuiche5
159,alertRelish9
160,excitedLeopard7
161,worriedCamel1
162,pridefulCake0
163,shyPonie4
164,ashamedRhino7
165,grudgingGelding4
166,panickyMagpie8
167,insecureChowder7
168,aloofStork1
169,outlyingBittern7
170,guiltyIguana5
171,cruelGatorade9
172,wearyMoth0
173,unhappyFalcon1
174,yearningLollies1
175,debonairDoves0
176,worldlyLlama7
177,unhappyIcecream6
178,mellowSalami1
179,gleefulDoughnut5
180,holisticHeron5
181,worldlyBoars3
182,brainySeafowl4
183,tautDoughnut4
184,cynicalOrange6
185,jumpyPlover3
186,excitedOtter1
187,holisticPepper4
188,chicRat1
189,tautPear7
190,thrilledClam4
191,panickyBasmati6
192,mereOwl0
193,cautiousBurritos8
194,forsakenChile1
195,wingedCaviar2
196,wingedGranola9
197,dearOcelot9
198,excitedCardinal6
199,relievedGarlic9
200,shamefulPlover6
201,morbidWildfowl7
202,guiltyBustard5
203,trustingSheep2
204,culturedBuzzard2
205,drearyVenison7
206,amazedDoves5
207,alertSnail4
208,gloomyBoa6
209,amazedJerky9
210,betrayedAbalone1
211,brainySyrup2
212,cockyTermite6
213,tautApples5
214,cockySnipe9
215,shamefulFlamingo1
216,gloomyCurlew7
217,joyfulBustard5
218,innocentFalcon1
219,lovesickRhino8
220,insecureMandrill5
221,ferventPudding8
222,giddyThrush5
223,giddyLemur5
224,wearyStork3
225,goofyFerret4
226,similarBoars9
227,superiorLemur2
228,lyingCoati4
229,crushedMagpie7
230,mildMussel9
231,wornoutGranola2
232,eagerSmelt8
233,emptyAntelope3
234,pleasedPie7
235,puzzledGnu5
236,importedWasp3
237,solemnRice6
238,unhappyPorpoise3
239,grumpyCockatoo2
240,lyingSausage4
241,excitedPlover8
242,holisticGatorade2
243,cautiousMackerel9
244,brainyMuesli4
245,thrilledDingo4
246,vengefulRuffs0
247,similarRaisins3
248,insecureCheetah8
249,contentCamel5
250,goofyThrushe8
251,ashamedSeafowl0
252,mellowWasp4
253,solidApples8
254,betrayedSwift6
255,enviousFish9
256,grudgingMagpie1
257,excitedBittern5
258,obsessedUnicorn4
259,drearyMare1
260,finickyClam4
261,bubblyHyena1
262,gutturalBuzzard4
263,betrayedJaguar1
264,puzzledChile8
265,aboardTeal7
266,peacefulAntelope7
267,hushedLizard4
268,wornoutSwift4
269,shyBasmati5
270,curiousCurlew3
271,adoringMandrill9
272,insecureRhino5
273,peskyBoars1
274,cynicalDinosaur0
275,chicOryx7
276,needfulBustard8
277,peskyHyena4
278,truthfulMoth3
279,ecstaticRice7
280,thriftyBagels7
281,decimalBoa8
282,somberApricots3
283,dearWidgeon4
284,excludedBurritos1
285,euphoricViper1
286,brainyWeaver3
287,wearyFish2
288,pluckyApricots5
289,jubilantGranola0
290,amusedFalcon4
291,hushedDingo5
292,panickyLlama4
293,importedMackerel1
294,drearyDotterel1
295,enragedSmelt9
296,decimalPepper4
297,pacifiedRelish2
298,puzzledRuffs4
299,trustingGarlic8
300,mereBuck2
301,innocentOatmeal6
302,mercifulCrackers0
303,wrathfulKitten5
304,puzzledSeahorse6
305,wakefulBustard8
306,shamefulFalcon5
307,thriftyTacos1
308,culturedPorpoise9
309,boredThrush4
310,peacefulMandrill3
311,superiorDinosaur8
312,peacefulOwl6
313,sheepishWhiting8
314,exactingPlover9
315,wakefulLlama8
316,wingedMagpie1
317,grumpyJaguar9
318,unhappyBuzzard9
319,lazyRuffs2
320,ferventEagle5
321,decimalPonie4
322,importedPiglet9
323,bubblyCaviar1
324,dejectedPlover8
325,yearningClam9
326,pluckyGranola0
327,sheepishLeopard9
328,lovesickLard4
329,amusedSeahorse8
330,cruelEggs6
331,grumpyRuffs2
332,resolvedSyrup9
333,yearningPonie4
334,yearningWasp2
335,scornfulUnicorn2
336,somberIguana7
337,sugaryPudding2
338,crummyChough7
339,zestyMandrill3
340,shyLocust2
341,peacefulWildfowl7
342,worldlyBobolink8
343,ecstaticStork1
344,shyPudding3
345,lyingOtter7
346,goofyZebra5
347,insecureIcecream2
348,fondKitten8
349,unhappySeafowl3
350,aloofChough9
351,cruelClam7
352,insecurePorpoise2
353,enragedDotterel4
354,debonairChile0
355,pridefulPup4
356,solemnLion7
357,scornfulMacaw1
358,insecureGranola6
359,aboardCordial8
360,dreadfulHeron9
361,amusedCamel9
362,lovesickCheese1
363,lyingPear9
364,wearyEggs4
365,boredCoconut5
366,lazyLlama8
367,truthfulPretzels7
368,humorousOrange1
369,enviousEland8
370,scornfulTacos0
371,crushedPonie2
372,gleefulLion2
373,worldlyVenison3
374,worldlyThrush1
375,troubledBoa9
376,goofyMagpie2
377,madBurritos2
378,ferventHyena6
379,ferventRaisins1
380,brainyBasmati1
381,eagerEland8
382,debonairRaisins8
383,cheerfulPup0
384,boredMoth9
385,blissfulRelish9
386,excludedDinosaur4
387,wearyUnicorn2
388,betrayedGarlic9
389,euphoricSmelt5
390,joyfulCordial3
391,exactingCrackers3
392,stressedMagpie4
393,similarTeal4
394,chicVenison9
395,pacifiedAbalone0
396,debonairCamel0
397,mereJaguar0
398,truthfulWeaver2
399,obsessedCockatoo5
400,thrilledLollies6
401,amazedPonie0
402,mellowBass7
403,solemnMoth5
404,ecstaticEland9
405,cruelRhino1
406,worriedPaella1
407,enviousSmelt6
408,truthfulCardinal6
409,lyingCrane4
410,awedApples8
411,lovesickRice7
412,morbidTomatoe2
413,brainyMare1
414,obsessedZebra8
415,soreDoughnut4
416,mereAbalone8
417,pridefulLocust7
418,insecureThrush0
419,sadSwift7
420,scornfulChough0
421,vengefulCheese8
422,pacifiedBaboon2
423,dreadfulJaguar6
424,morbidWhiting6
425,thrilledCoati8
426,dearHyena2
427,ferventCrane9
428,scornfulHawk5
429,cruelChough2
430,vengefulPoultry6
431,needfulFlamingo6
432,pluckyCaviar0
433,soreMandrill8
434,peskyDove1
435,mildCoconut3
436,mercifulSalami2
437,spiritedPepper3
438,amazedChowder5
439,morbidLocust9
440,somberWeaver4
441,crushedRaisins9
442,ashamedBittern3
443,pridefulCaribou2
444,wingedEagle4
445,cockyCardinal3
446,solidCake2
447,tautPoultry2
448,chicIguana8
449,abjectPretzels0
450,wakefulHawk4
451,zestyBoa6
452,jubilantEagle7
453,cockyOtter7
454,shySalt9
455,blissfulToucan6
456,amusedToucan3
457,awedLard9
458,thriftyViper1
459,yearningOrange3
460,chicRhino9
461,holisticOrange5
462,soreCoati0
463,amusedDunbird5
464,thrilledSheep0
465,enragedGatorade9
466,enragedJaguar1
467,outlyingRuffs2
468,sugaryFish4
469,murkyTortoise2
470,jealousDingo5
471,mildFalcon8
472,ecstaticSeahorse0
473,pluckyHeron4
474,annoyedPretzels5
475,excludedPiglet3
476,anxiousDoves7
477,mereMoth6
478,annoyedCoconut5
479,dearDoughnut7
480,contentHawk3
481,emptyHeron2
482,debonairSnail3
483,solemnOatmeal3
484,lovesickMeerkat3
485,ecstaticDoves1
486,unhappyCockatoo6
487,joyfulWigeon5
488,shyLard4
489,needfulOil8
490,anxiousGnu8
491,murkyKitten8
492,resolvedBittern5
493,stressedMuesli1
494,similarChough9
495,boredCoati2
496,peacefulQuiche9
497,ashamedTomatoe9
498,jumpyRat7
499,amazedRaisins2
500,resolvedCockatoo5
501,excludedUnicorn6
502,insecureSeafowl4
503,amusedBass6
504,awedFish4
505,affectedBustard4
506,jumpySausage9
507,scornfulOrange0
508,joyfulSausage4
509,importedCaviar5
510,morbidSalt0
511,importedOwl0
512,crummyPudding5
513,blissfulTortoise0
514,peacefulHyena0
515,superiorPoultry6
516,cruelGnu0
517,shyLemur5
518,lyingPoultry1
519,fondThrushe9
520,solidOrange8
521,gleefulRuffs6
522,goofyTruffle8
523,lazyHoopoe4
524,truthfulFlamingo4
525,aloofZebra7
526,abjectVenison4
527,dearCheetah3
528,insecureCaviar4
529,outlyingToucan2
530,annoyedCrackers4
531,amusedTomatoe6
532,ashamedZebra8
533,cruelPepper3
534,pacifiedChamois3
535,excitedPepper2
536,decimalWeaver7
537,morbidDinosaur2
538,outlyingSalami5
539,adoringLard0
540,anxiousShads3
541,peacefulCaribou3
542,madOil8
543,jealousQuiche4
544,superiorBurritos2
545,pacifiedPlover6
546,kindBoa9
547,amazedLeopard3
548,soreCod0
549,resolvedTortoise1
550,tautCod6
551,guiltyEagle9
552,empathicZebra7
553,chicPretzels3
554,dearCrane0
555,unhappyGatorade0
556,soreChamois7
557,goofyBasmati9
558,hushedChamois8
559,dreadfulSardines7
560,offendedRhino2
561,dejectedRelish7
562,sadFerret1
563,superiorRat5
564,similarIguana5
565,joyfulUnicorn9
566,thriftyOil2
567,hushedVenison6
568,hushedSardines1
569,relievedMackerel9
570,crushedThrushe9
571,wakefulCod6
572,adoringLeopard0
573,zestyMandrill3
574,similarHare5
575,pluckySeafowl0
576,curiousRat2
577,fondIcecream3
578,grizzledEggs8
579,pleasedBass8
580,obsessedCrane8
581,pacifiedMeerkat7
582,dreadfulFerret2
583,fondDoves6
584,contentLion0
585,ferventBustard5
586,ashamedCrackers8
587,thrilledShads7
588,jubilantMallard0
589,humorousSeahorse5
590,pleasedDotterel8
591,excludedLollies2
592,vengefulWeaver3
593,trustingSyrup2
594,kindChough6
595,kindMandrill8
596,drearyViper9
597,debonairPudding3
598,amazedZebra4
599,pleasedTomatoe5
600,peacefulBuzzard4
601,awedToucan5
602,joyfulAbalone7
603,offendedEggs8
604,debonairFish6
605,anxiousCake3
606,lazyApples6
607,insecureOwl8
608,alertRat9
609,curiousMandrill7
610,mercifulRhino7
